{
  "host": "localhost",
  "port": 3030,
  "public": "../public/",
  "paginate": {
    "default": 500,
    "max": 1000
  },
  "authentication": {
    "entity": "user",
    "service": "users",
    "secret": "AUTH_SECRET",
    "authStrategies": [
      "jwt",
      "local"
    ],
    "jwtOptions": {
      "header": {
        "typ": "access"
      },
      "audience": "demo",
      "issuer": "noftaly",
      "algorithm": "HS256",
      "expiresIn": "1d"
    },
    "local": {
      "usernameField": "\\username",
      "passwordField": "password"
    }
  },
  "mongodb": "MONGODB_URI"
}
